<?xml version="1.0" encoding="UTF-8"?>
<metadata xml:lang="en"><Esri><CreaDate>20201125</CreaDate><CreaTime>16031600</CreaTime><ArcGISFormat>1.0</ArcGISFormat><SyncOnce>TRUE</SyncOnce><DataProperties><lineage><Process ToolSource="c:\program files (x86)\arcgis\desktop10.8\ArcToolbox\Toolboxes\Data Management Tools.tbx\CopyFeatures" Date="20201125" Time="160316">CopyFeatures C:\Users\sarab\Desktop\GIS540\My\samplelayer C:\Users\sarab\Desktop\GIS540\My\sample.shp # 0 0 0</Process></lineage></DataProperties></Esri></metadata>
